date,datetime,period,fase_2_price,fase_2_spread,fase_2_volume
2024-06-01,2024-06-01 00:00:00,1,-0.36,-5.35,-1679.5
2024-06-01,2024-06-01 01:00:00,2,-1.41,-4.66,-1611.4
2024-06-01,2024-06-01 02:00:00,3,-1.42,-4.67,-1666.5
2024-06-01,2024-06-01 03:00:00,4,-3.15,-4.38,-1624.3
2024-06-01,2024-06-01 04:00:00,5,-4.23,-4.32,-1669.9
2024-06-01,2024-06-01 05:00:00,6,-1.5,-4.75,-1860.7
2024-06-01,2024-06-01 06:00:00,7,-1.46,-4.71,-1823.7
2024-06-01,2024-06-01 07:00:00,8,-2.3,-5.55,-2644.2
2024-06-01,2024-06-01 08:00:00,9,-5.03,-5.03,-2927.7
2024-06-01,2024-06-01 09:00:00,10,-5.91,-5.91,-2823.5
2024-06-01,2024-06-01 10:00:00,11,-6.34,-6.33,-2331.9
2024-06-01,2024-06-01 11:00:00,12,-6.91,-6.55,-2300.0
2024-06-01,2024-06-01 12:00:00,13,-7.13,-6.63,-2301.4
2024-06-01,2024-06-01 13:00:00,14,-7.07,-6.71,-2298.9
2024-06-01,2024-06-01 14:00:00,15,-7.34,-6.74,-2324.5
2024-06-01,2024-06-01 15:00:00,16,-7.44,-6.82,-2327.9
2024-06-01,2024-06-01 16:00:00,17,-7.39,-6.73,-2319.4
2024-06-01,2024-06-01 17:00:00,18,-7.14,-6.54,-2323.5
2024-06-01,2024-06-01 18:00:00,19,-6.27,-6.26,-2589.2
2024-06-01,2024-06-01 19:00:00,20,-4.89,-4.89,-2825.7
2024-06-01,2024-06-01 20:00:00,21,-0.95,-4.2,-2621.4
2024-06-01,2024-06-01 21:00:00,22,0.3,-6.9,-2377.6
2024-06-01,2024-06-01 22:00:00,23,1.77,-6.67,-2230.6
2024-06-01,2024-06-01 23:00:00,24,-1.65,-6.15,-2267.5
2024-06-02,2024-06-02 00:00:00,1,1.46,-5.74,-1915.5
2024-06-02,2024-06-02 01:00:00,2,-0.18,-5.18,-1921.7
2024-06-02,2024-06-02 02:00:00,3,-0.81,-5.16,-1801.7
2024-06-02,2024-06-02 03:00:00,4,-1.29,-4.89,-1774.1
2024-06-02,2024-06-02 04:00:00,5,-1.38,-4.98,-1853.0
2024-06-02,2024-06-02 05:00:00,6,-0.15,-5.15,-1889.3
2024-06-02,2024-06-02 06:00:00,7,-0.59,-5.02,-2032.9
2024-06-02,2024-06-02 07:00:00,8,-0.86,-4.11,-1986.4
2024-06-02,2024-06-02 08:00:00,9,-3.31,-3.31,-1969.5
2024-06-02,2024-06-02 09:00:00,10,-4.16,-4.13,-1650.9
2024-06-02,2024-06-02 10:00:00,11,-4.5,-3.45,-1362.9
2024-06-02,2024-06-02 11:00:00,12,-5.56,-3.7,-1305.3
2024-06-02,2024-06-02 12:00:00,13,-5.55,-3.69,-1307.2
2024-06-02,2024-06-02 13:00:00,14,-5.57,-3.71,-1327.0
2024-06-02,2024-06-02 14:00:00,15,-5.57,-3.71,-1326.6
2024-06-02,2024-06-02 15:00:00,16,-5.63,-3.77,-1357.7
2024-06-02,2024-06-02 16:00:00,17,-5.76,-3.9,-1423.0
2024-06-02,2024-06-02 17:00:00,18,-5.12,-4.12,-2261.8
2024-06-02,2024-06-02 18:00:00,19,-5.02,-5.01,-2511.4
2024-06-02,2024-06-02 19:00:00,20,-3.71,-4.15,-2723.1
2024-06-02,2024-06-02 20:00:00,21,5.73,-5.62,-3030.1
2024-06-02,2024-06-02 21:00:00,22,17.27,-7.74,-2896.4
2024-06-02,2024-06-02 22:00:00,23,21.98,-6.89,-2512.8
2024-06-02,2024-06-02 23:00:00,24,6.33,-7.09,-2506.1
2024-06-03,2024-06-03 00:00:00,1,4.731,-4.429,-1493.1
2024-06-03,2024-06-03 01:00:00,2,9.311,-4.789,-1637.0
2024-06-03,2024-06-03 02:00:00,3,9.121,-4.979,-1715.9
2024-06-03,2024-06-03 03:00:00,4,6.931,-5.569,-2006.3
2024-06-03,2024-06-03 04:00:00,5,9.251,-5.069,-1813.9
2024-06-03,2024-06-03 05:00:00,6,5.681,-4.469,-1811.3
2024-06-03,2024-06-03 06:00:00,7,31.732,-3.278,-1539.3
2024-06-03,2024-06-03 07:00:00,8,36.202,-1.738,-1111.3
2024-06-03,2024-06-03 08:00:00,9,40.512,-1.418,-1171.8
2024-06-03,2024-06-03 09:00:00,10,31.301,-3.699,-2977.4
2024-06-03,2024-06-03 10:00:00,11,12.401,-4.499,-2422.4
2024-06-03,2024-06-03 11:00:00,12,1.89,-3.55,-1691.4
2024-06-03,2024-06-03 12:00:00,13,1.27,-3.19,-1699.2
2024-06-03,2024-06-03 13:00:00,14,3.731,-4.569,-1854.3
2024-06-03,2024-06-03 14:00:00,15,0.56,-2.69,-1554.7
2024-06-03,2024-06-03 15:00:00,16,0.22,-1.09,-1642.3
2024-06-03,2024-06-03 16:00:00,17,0.6,-2.65,-1637.6
2024-06-03,2024-06-03 17:00:00,18,6.671,-5.189,-2245.6
2024-06-03,2024-06-03 18:00:00,19,31.611,-3.389,-2227.4
2024-06-03,2024-06-03 19:00:00,20,47.624,-1.596,-980.1
2024-06-03,2024-06-03 20:00:00,21,74.271,-1.099,-846.1
2024-06-03,2024-06-03 21:00:00,22,102.502,0.352,-820.9
2024-06-03,2024-06-03 22:00:00,23,79.697,-1.613,-820.7
2024-06-03,2024-06-03 23:00:00,24,61.27,-2.03,-847.2
2024-06-04,2024-06-04 00:00:00,1,96.37,-2.83,-1465.2
2024-06-04,2024-06-04 01:00:00,2,89.85,-2.87,-1480.2
2024-06-04,2024-06-04 02:00:00,3,91.79,-3.09,-1610.3
2024-06-04,2024-06-04 03:00:00,4,81.0,-3.82,-1797.9
2024-06-04,2024-06-04 04:00:00,5,91.29,-3.59,-1807.8
2024-06-04,2024-06-04 05:00:00,6,91.78,-3.62,-1826.7
2024-06-04,2024-06-04 06:00:00,7,146.3,-3.7,-1535.4
2024-06-04,2024-06-04 07:00:00,8,174.35,-1.2,-1153.8
2024-06-04,2024-06-04 08:00:00,9,112.24,-0.98,-992.0
2024-06-04,2024-06-04 09:00:00,10,80.7,-1.12,-769.6
2024-06-04,2024-06-04 10:00:00,11,68.92,-1.08,-576.9
2024-06-04,2024-06-04 11:00:00,12,38.08,0.78,-468.2
2024-06-04,2024-06-04 12:00:00,13,35.02,0.01,-251.6
2024-06-04,2024-06-04 13:00:00,14,35.01,0.01,-248.1
2024-06-04,2024-06-04 14:00:00,15,34.85,-0.15,-467.9
2024-06-04,2024-06-04 15:00:00,16,27.45,-0.05,-314.4
2024-06-04,2024-06-04 16:00:00,17,29.65,-0.35,-729.3
2024-06-04,2024-06-04 17:00:00,18,35.02,0.01,-251.8
2024-06-04,2024-06-04 18:00:00,19,58.61,-0.87,-775.3
2024-06-04,2024-06-04 19:00:00,20,66.88,-0.3,-813.8
2024-06-04,2024-06-04 20:00:00,21,115.05,-1.19,-840.5
2024-06-04,2024-06-04 21:00:00,22,169.91,-1.24,-531.0
2024-06-04,2024-06-04 22:00:00,23,155.67,-1.33,-530.7
2024-06-04,2024-06-04 23:00:00,24,143.49,-1.51,-528.1
2024-06-05,2024-06-05 00:00:00,1,114.2,-2.81,-880.4
2024-06-05,2024-06-05 01:00:00,2,109.55,-2.87,-947.2
2024-06-05,2024-06-05 02:00:00,3,106.99,-3.01,-1012.2
2024-06-05,2024-06-05 03:00:00,4,106.56,-3.44,-1192.9
2024-06-05,2024-06-05 04:00:00,5,101.1,-3.58,-1194.6
2024-06-05,2024-06-05 05:00:00,6,103.56,-3.63,-1195.1
2024-06-05,2024-06-05 06:00:00,7,106.64,-3.36,-1191.1
2024-06-05,2024-06-05 07:00:00,8,121.06,-2.02,-618.7
2024-06-05,2024-06-05 08:00:00,9,119.48,-0.74,-329.4
2024-06-05,2024-06-05 09:00:00,10,109.33,-1.58,-589.3
2024-06-05,2024-06-05 10:00:00,11,80.46,-1.1,-552.1
2024-06-05,2024-06-05 11:00:00,12,55.48,0.48,-248.0
2024-06-05,2024-06-05 12:00:00,13,51.44,1.23,-41.5
2024-06-05,2024-06-05 13:00:00,14,49.06,1.81,-1.0
2024-06-05,2024-06-05 14:00:00,15,36.95,1.94,146.1
2024-06-05,2024-06-05 15:00:00,16,32.01,-3.0,36.7
2024-06-05,2024-06-05 16:00:00,17,35.23,0.22,-29.2
2024-06-05,2024-06-05 17:00:00,18,56.1,1.22,-81.3
2024-06-05,2024-06-05 18:00:00,19,77.75,-1.25,-688.9
2024-06-05,2024-06-05 19:00:00,20,106.94,-1.47,-749.0
2024-06-05,2024-06-05 20:00:00,21,122.98,-1.14,-464.4
2024-06-05,2024-06-05 21:00:00,22,168.85,-1.16,-460.1
2024-06-05,2024-06-05 22:00:00,23,122.9,-1.17,-461.1
2024-06-05,2024-06-05 23:00:00,24,111.22,-1.98,-769.0
2024-06-06,2024-06-06 00:00:00,1,101.24,-2.48,-1273.4
2024-06-06,2024-06-06 01:00:00,2,104.39,-3.24,-1420.8
2024-06-06,2024-06-06 02:00:00,3,107.13,-3.17,-1483.3
2024-06-06,2024-06-06 03:00:00,4,105.68,-3.85,-1667.6
2024-06-06,2024-06-06 04:00:00,5,106.28,-3.72,-1677.7
2024-06-06,2024-06-06 05:00:00,6,106.76,-3.54,-1683.5
2024-06-06,2024-06-06 06:00:00,7,109.38,-3.5,-1684.1
2024-06-06,2024-06-06 07:00:00,8,112.85,-1.62,-1135.5
2024-06-06,2024-06-06 08:00:00,9,99.91,-1.53,-1007.8
2024-06-06,2024-06-06 09:00:00,10,84.08,-0.08,-236.1
2024-06-06,2024-06-06 10:00:00,11,77.32,-3.83,-864.0
2024-06-06,2024-06-06 11:00:00,12,65.62,-3.38,-812.5
2024-06-06,2024-06-06 12:00:00,13,63.8,1.8,-161.6
2024-06-06,2024-06-06 13:00:00,14,58.07,1.77,-162.9
2024-06-06,2024-06-06 14:00:00,15,57.98,1.78,-164.8
2024-06-06,2024-06-06 15:00:00,16,57.71,1.81,-167.1
2024-06-06,2024-06-06 16:00:00,17,63.89,1.89,-170.4
2024-06-06,2024-06-06 17:00:00,18,75.88,-4.12,-980.9
2024-06-06,2024-06-06 18:00:00,19,87.38,-2.62,-1001.4
2024-06-06,2024-06-06 19:00:00,20,98.6,-1.7,-1014.2
2024-06-06,2024-06-06 20:00:00,21,114.01,-1.22,-937.5
2024-06-06,2024-06-06 21:00:00,22,121.06,-1.31,-758.4
2024-06-06,2024-06-06 22:00:00,23,115.0,-1.87,-854.3
2024-06-06,2024-06-06 23:00:00,24,108.09,-2.32,-1011.8
2024-06-07,2024-06-07 00:00:00,1,96.43,-2.55,-1055.2
2024-06-07,2024-06-07 01:00:00,2,94.87,-3.13,-1189.0
2024-06-07,2024-06-07 02:00:00,3,91.67,-3.33,-1256.8
2024-06-07,2024-06-07 03:00:00,4,93.99,-3.8,-1436.7
2024-06-07,2024-06-07 04:00:00,5,93.96,-3.83,-1449.4
2024-06-07,2024-06-07 05:00:00,6,94.24,-3.76,-1457.8
2024-06-07,2024-06-07 06:00:00,7,93.93,-4.07,-1461.4
2024-06-07,2024-06-07 07:00:00,8,97.8,-2.02,-900.8
2024-06-07,2024-06-07 08:00:00,9,101.98,-1.51,-820.0
2024-06-07,2024-06-07 09:00:00,10,96.0,-1.65,-856.3
2024-06-07,2024-06-07 10:00:00,11,75.2,-3.0,-917.1
2024-06-07,2024-06-07 11:00:00,12,51.58,-0.82,-300.4
2024-06-07,2024-06-07 12:00:00,13,47.36,-3.33,-755.4
2024-06-07,2024-06-07 13:00:00,14,42.03,-3.07,-754.1
2024-06-07,2024-06-07 14:00:00,15,36.06,-3.44,-782.1
2024-06-07,2024-06-07 15:00:00,16,34.61,-3.49,-911.6
2024-06-07,2024-06-07 16:00:00,17,34.94,-3.16,-894.2
2024-06-07,2024-06-07 17:00:00,18,36.57,-3.43,-789.5
2024-06-07,2024-06-07 18:00:00,19,54.39,-1.81,-694.7
2024-06-07,2024-06-07 19:00:00,20,80.79,-2.05,-961.0
2024-06-07,2024-06-07 20:00:00,21,92.06,-2.14,-1193.2
2024-06-07,2024-06-07 21:00:00,22,96.62,-3.38,-1293.1
2024-06-07,2024-06-07 22:00:00,23,96.25,-3.69,-1286.7
2024-06-07,2024-06-07 23:00:00,24,95.31,-4.09,-1295.9
2024-06-08,2024-06-08 00:00:00,1,91.9,-3.19,-1431.6
2024-06-08,2024-06-08 01:00:00,2,86.85,-3.15,-1447.8
2024-06-08,2024-06-08 02:00:00,3,82.55,-3.31,-1440.3
2024-06-08,2024-06-08 03:00:00,4,82.5,-3.14,-1272.3
2024-06-08,2024-06-08 04:00:00,5,82.41,-3.23,-1340.7
2024-06-08,2024-06-08 05:00:00,6,82.66,-3.22,-1321.7
2024-06-08,2024-06-08 06:00:00,7,96.07,-3.28,-1342.6
2024-06-08,2024-06-08 07:00:00,8,98.82,-2.62,-1343.0
2024-06-08,2024-06-08 08:00:00,9,97.38,-2.92,-1384.8
2024-06-08,2024-06-08 09:00:00,10,91.63,-2.38,-1063.4
2024-06-08,2024-06-08 10:00:00,11,67.25,-2.95,-988.1
2024-06-08,2024-06-08 11:00:00,12,48.92,-2.52,-844.7
2024-06-08,2024-06-08 12:00:00,13,41.64,-0.46,-25.6
2024-06-08,2024-06-08 13:00:00,14,41.11,-0.49,-15.6
2024-06-08,2024-06-08 14:00:00,15,32.97,-2.16,-590.4
2024-06-08,2024-06-08 15:00:00,16,29.63,-5.37,-1891.4
2024-06-08,2024-06-08 16:00:00,17,23.16,-7.33,-2477.0
2024-06-08,2024-06-08 17:00:00,18,18.39,-6.91,-2474.8
2024-06-08,2024-06-08 18:00:00,19,31.01,-4.0,-1776.0
2024-06-08,2024-06-08 19:00:00,20,45.42,-2.28,-859.2
2024-06-08,2024-06-08 20:00:00,21,82.8,-2.23,-934.4
2024-06-08,2024-06-08 21:00:00,22,98.77,-2.35,-878.5
2024-06-08,2024-06-08 22:00:00,23,98.4,-2.36,-867.4
2024-06-08,2024-06-08 23:00:00,24,87.5,-2.5,-896.6
2024-06-09,2024-06-09 00:00:00,1,31.93,-3.2,-1175.8
2024-06-09,2024-06-09 01:00:00,2,17.25,-5.16,-1987.5
2024-06-09,2024-06-09 02:00:00,3,9.26,-3.5,-1133.4
2024-06-09,2024-06-09 03:00:00,4,5.41,-3.05,-936.5
2024-06-09,2024-06-09 04:00:00,5,5.02,-3.92,-1388.1
2024-06-09,2024-06-09 05:00:00,6,17.63,-5.36,-1981.1
2024-06-09,2024-06-09 06:00:00,7,5.45,-4.55,-1601.9
2024-06-09,2024-06-09 07:00:00,8,1.58,-3.42,-1763.6
2024-06-09,2024-06-09 08:00:00,9,0.1,-3.15,-1765.5
2024-06-09,2024-06-09 09:00:00,10,-2.52,-2.52,-1763.8
2024-06-09,2024-06-09 10:00:00,11,-3.24,-3.24,-1901.8
2024-06-09,2024-06-09 11:00:00,12,-4.02,-4.02,-2070.6
2024-06-09,2024-06-09 12:00:00,13,-4.52,-4.52,-2115.0
2024-06-09,2024-06-09 13:00:00,14,-4.59,-4.59,-2122.4
2024-06-09,2024-06-09 14:00:00,15,-4.76,-4.76,-2140.5
2024-06-09,2024-06-09 15:00:00,16,-6.39,-6.38,-2226.0
2024-06-09,2024-06-09 16:00:00,17,-6.41,-6.4,-2234.8
2024-06-09,2024-06-09 17:00:00,18,-3.91,-3.91,-2218.3
2024-06-09,2024-06-09 18:00:00,19,-0.62,-3.87,-2199.7
2024-06-09,2024-06-09 19:00:00,20,31.86,-3.14,-1680.6
2024-06-09,2024-06-09 20:00:00,21,39.57,-2.23,-965.3
2024-06-09,2024-06-09 21:00:00,22,55.15,-3.61,-1408.2
2024-06-09,2024-06-09 22:00:00,23,66.72,-2.92,-1057.0
2024-06-09,2024-06-09 23:00:00,24,53.98,-2.92,-1049.4
2024-06-10,2024-06-10 00:00:00,1,67.49,-1.92,-900.5
2024-06-10,2024-06-10 01:00:00,2,33.03,-2.47,-780.5
2024-06-10,2024-06-10 02:00:00,3,35.52,-2.68,-878.0
2024-06-10,2024-06-10 03:00:00,4,31.36,-3.65,-1597.7
2024-06-10,2024-06-10 04:00:00,5,30.97,-4.03,-1733.8
2024-06-10,2024-06-10 05:00:00,6,31.71,-3.3,-1231.9
2024-06-10,2024-06-10 06:00:00,7,35.18,-3.32,-1318.0
2024-06-10,2024-06-10 07:00:00,8,52.21,-2.84,-1381.1
2024-06-10,2024-06-10 08:00:00,9,34.65,-0.85,-102.5
2024-06-10,2024-06-10 09:00:00,10,36.21,-2.09,-897.8
2024-06-10,2024-06-10 10:00:00,11,32.75,-2.38,-1014.8
2024-06-10,2024-06-10 11:00:00,12,33.05,-2.05,-838.7
2024-06-10,2024-06-10 12:00:00,13,33.09,-1.92,-826.1
2024-06-10,2024-06-10 13:00:00,14,32.4,-2.61,-1354.7
2024-06-10,2024-06-10 14:00:00,15,31.71,-3.29,-1994.6
2024-06-10,2024-06-10 15:00:00,16,29.85,-4.95,-2704.0
2024-06-10,2024-06-10 16:00:00,17,29.75,-5.05,-2773.2
2024-06-10,2024-06-10 17:00:00,18,31.59,-3.41,-2223.2
2024-06-10,2024-06-10 18:00:00,19,31.56,-3.44,-1670.3
2024-06-10,2024-06-10 19:00:00,20,38.31,-2.25,-919.3
2024-06-10,2024-06-10 20:00:00,21,68.52,-2.84,-1323.2
2024-06-10,2024-06-10 21:00:00,22,82.35,-4.4,-1748.1
2024-06-10,2024-06-10 22:00:00,23,67.6,-3.88,-1307.5
2024-06-10,2024-06-10 23:00:00,24,66.2,-3.86,-1293.9
2024-06-11,2024-06-11 00:00:00,1,95.81,-2.49,-1481.5
2024-06-11,2024-06-11 01:00:00,2,92.47,-2.62,-1486.1
2024-06-11,2024-06-11 02:00:00,3,82.41,-2.42,-1574.7
2024-06-11,2024-06-11 03:00:00,4,75.36,-2.84,-1498.9
2024-06-11,2024-06-11 04:00:00,5,75.37,-2.83,-1507.9
2024-06-11,2024-06-11 05:00:00,6,82.99,-2.42,-1611.8
2024-06-11,2024-06-11 06:00:00,7,70.31,-1.17,-724.9
2024-06-11,2024-06-11 07:00:00,8,88.32,-2.02,-1281.9
2024-06-11,2024-06-11 08:00:00,9,96.1,-2.03,-1328.0
2024-06-11,2024-06-11 09:00:00,10,68.37,-1.63,-1074.4
2024-06-11,2024-06-11 10:00:00,11,43.94,-0.86,-890.1
2024-06-11,2024-06-11 11:00:00,12,41.31,-0.99,-847.2
2024-06-11,2024-06-11 12:00:00,13,40.5,-0.7,-641.2
2024-06-11,2024-06-11 13:00:00,14,39.09,-0.91,-728.7
2024-06-11,2024-06-11 14:00:00,15,33.33,-1.69,-1049.9
2024-06-11,2024-06-11 15:00:00,16,30.5,-4.51,-1859.1
2024-06-11,2024-06-11 16:00:00,17,28.11,-6.9,-2306.4
2024-06-11,2024-06-11 17:00:00,18,33.74,-1.39,-1008.3
2024-06-11,2024-06-11 18:00:00,19,41.92,-1.08,-701.3
2024-06-11,2024-06-11 19:00:00,20,64.27,-1.78,-1146.6
2024-06-11,2024-06-11 20:00:00,21,69.96,-1.16,-772.4
2024-06-11,2024-06-11 21:00:00,22,82.11,-3.3,-1661.2
2024-06-11,2024-06-11 22:00:00,23,74.22,-3.07,-1349.4
2024-06-11,2024-06-11 23:00:00,24,68.47,-1.66,-629.4
2024-06-12,2024-06-12 00:00:00,1,80.57,-2.56,-1374.5
2024-06-12,2024-06-12 01:00:00,2,58.87,-2.53,-1380.1
2024-06-12,2024-06-12 02:00:00,3,58.75,-2.83,-1446.5
2024-06-12,2024-06-12 03:00:00,4,56.92,-3.18,-1577.2
2024-06-12,2024-06-12 04:00:00,5,52.02,-3.18,-1580.2
2024-06-12,2024-06-12 05:00:00,6,52.06,-3.14,-1578.0
2024-06-12,2024-06-12 06:00:00,7,58.46,-1.54,-779.8
2024-06-12,2024-06-12 07:00:00,8,86.91,-3.43,-1453.2
2024-06-12,2024-06-12 08:00:00,9,71.32,-3.68,-1329.8
2024-06-12,2024-06-12 09:00:00,10,39.92,-2.58,-881.5
2024-06-12,2024-06-12 10:00:00,11,31.6,-3.42,-1151.0
2024-06-12,2024-06-12 11:00:00,12,29.24,-5.77,-2044.0
2024-06-12,2024-06-12 12:00:00,13,28.87,-6.14,-2156.5
2024-06-12,2024-06-12 13:00:00,14,28.09,-6.92,-2406.4
2024-06-12,2024-06-12 14:00:00,15,24.41,-8.59,-2678.9
2024-06-12,2024-06-12 15:00:00,16,4.86,-7.39,-2685.3
2024-06-12,2024-06-12 16:00:00,17,3.52,-6.91,-2488.7
2024-06-12,2024-06-12 17:00:00,18,17.35,-8.38,-2584.5
2024-06-12,2024-06-12 18:00:00,19,38.45,-1.55,-767.1
2024-06-12,2024-06-12 19:00:00,20,54.04,-1.06,-773.6
2024-06-12,2024-06-12 20:00:00,21,73.64,-1.36,-1117.7
2024-06-12,2024-06-12 21:00:00,22,98.9,-2.44,-1388.0
2024-06-12,2024-06-12 22:00:00,23,98.37,-2.61,-1408.9
2024-06-12,2024-06-12 23:00:00,24,82.86,-2.31,-1481.6
2024-06-13,2024-06-13 00:00:00,1,94.84,-3.02,-1555.8
2024-06-13,2024-06-13 01:00:00,2,90.05,-3.05,-1570.3
2024-06-13,2024-06-13 02:00:00,3,87.25,-3.09,-1643.7
2024-06-13,2024-06-13 03:00:00,4,91.84,-3.42,-1878.5
2024-06-13,2024-06-13 04:00:00,5,97.91,-3.85,-1883.3
2024-06-13,2024-06-13 05:00:00,6,101.23,-4.13,-1935.4
2024-06-13,2024-06-13 06:00:00,7,113.49,-6.51,-1809.7
2024-06-13,2024-06-13 07:00:00,8,126.17,-3.83,-1294.3
2024-06-13,2024-06-13 08:00:00,9,87.31,-2.69,-1028.0
2024-06-13,2024-06-13 09:00:00,10,70.42,-2.52,-663.9
2024-06-13,2024-06-13 10:00:00,11,33.16,-1.86,-416.4
2024-06-13,2024-06-13 11:00:00,12,31.05,-3.95,-1432.9
2024-06-13,2024-06-13 12:00:00,13,26.45,-7.45,-1899.9
2024-06-13,2024-06-13 13:00:00,14,3.51,-6.49,-1904.7
2024-06-13,2024-06-13 14:00:00,15,0.01,0.01,-1567.8
2024-06-13,2024-06-13 15:00:00,16,0.01,0.01,-1463.4
2024-06-13,2024-06-13 16:00:00,17,0.01,0.01,-1510.3
2024-06-13,2024-06-13 17:00:00,18,1.35,-4.14,-1981.0
2024-06-13,2024-06-13 18:00:00,19,6.13,-8.61,-2271.6
2024-06-13,2024-06-13 19:00:00,20,34.12,-1.33,-139.0
2024-06-13,2024-06-13 20:00:00,21,79.48,-2.62,-862.3
2024-06-13,2024-06-13 21:00:00,22,109.29,-2.52,-829.7
2024-06-13,2024-06-13 22:00:00,23,107.24,-2.57,-830.0
2024-06-13,2024-06-13 23:00:00,24,92.6,-2.66,-864.1
2024-06-14,2024-06-14 00:00:00,1,77.01,-1.85,-407.9
2024-06-14,2024-06-14 01:00:00,2,74.72,-1.72,-347.0
2024-06-14,2024-06-14 02:00:00,3,73.89,-1.83,-410.5
2024-06-14,2024-06-14 03:00:00,4,73.14,-2.16,-589.5
2024-06-14,2024-06-14 04:00:00,5,73.56,-2.16,-586.2
2024-06-14,2024-06-14 05:00:00,6,75.68,-2.34,-706.2
2024-06-14,2024-06-14 06:00:00,7,76.88,-2.22,-1052.7
2024-06-14,2024-06-14 07:00:00,8,87.58,-2.42,-1006.5
2024-06-14,2024-06-14 08:00:00,9,76.44,-2.9,-1006.5
2024-06-14,2024-06-14 09:00:00,10,44.16,-1.75,-613.2
2024-06-14,2024-06-14 10:00:00,11,29.44,-5.57,-1736.6
2024-06-14,2024-06-14 11:00:00,12,6.05,-6.16,-1921.8
2024-06-14,2024-06-14 12:00:00,13,0.67,-2.58,-1865.4
2024-06-14,2024-06-14 13:00:00,14,0.06,-0.38,-1684.5
2024-06-14,2024-06-14 14:00:00,15,0.0,-0.02,-1712.5
2024-06-14,2024-06-14 15:00:00,16,0.0,0.0,-1782.9
2024-06-14,2024-06-14 16:00:00,17,0.0,0.0,-1956.8
2024-06-14,2024-06-14 17:00:00,18,0.0,0.0,-1784.2
2024-06-14,2024-06-14 18:00:00,19,0.23,-0.73,-1850.4
2024-06-14,2024-06-14 19:00:00,20,2.19,-4.81,-2150.8
2024-06-14,2024-06-14 20:00:00,21,31.11,-3.91,-1421.7
2024-06-14,2024-06-14 21:00:00,22,72.95,-2.77,-827.7
2024-06-14,2024-06-14 22:00:00,23,73.74,-2.7,-825.2
2024-06-14,2024-06-14 23:00:00,24,46.83,-2.53,-817.6
2024-06-15,2024-06-15 00:00:00,1,34.65,-3.45,-1208.4
2024-06-15,2024-06-15 01:00:00,2,32.4,-2.62,-959.0
2024-06-15,2024-06-15 02:00:00,3,31.58,-3.44,-1251.9
2024-06-15,2024-06-15 03:00:00,4,31.59,-3.43,-1245.1
2024-06-15,2024-06-15 04:00:00,5,30.16,-4.86,-1500.6
2024-06-15,2024-06-15 05:00:00,6,30.04,-4.98,-1534.0
2024-06-15,2024-06-15 06:00:00,7,31.56,-3.46,-1285.3
2024-06-15,2024-06-15 07:00:00,8,30.23,-4.78,-1993.6
2024-06-15,2024-06-15 08:00:00,9,13.01,-4.79,-2406.5
2024-06-15,2024-06-15 09:00:00,10,-3.56,-3.56,-1387.0
2024-06-15,2024-06-15 10:00:00,11,-5.46,-5.45,-1149.9
2024-06-15,2024-06-15 11:00:00,12,-6.25,-5.65,-1091.4
2024-06-15,2024-06-15 12:00:00,13,-5.18,-4.93,-969.9
2024-06-15,2024-06-15 13:00:00,14,-6.41,-5.91,-1345.2
2024-06-15,2024-06-15 14:00:00,15,-6.72,-6.12,-1423.4
2024-06-15,2024-06-15 15:00:00,16,-6.94,-6.22,-1457.1
2024-06-15,2024-06-15 16:00:00,17,-7.09,-6.3,-1492.2
2024-06-15,2024-06-15 17:00:00,18,-6.69,-6.07,-1512.7
2024-06-15,2024-06-15 18:00:00,19,-4.17,-4.17,-1547.8
2024-06-15,2024-06-15 19:00:00,20,3.44,-6.15,-2399.7
2024-06-15,2024-06-15 20:00:00,21,32.23,-2.78,-1098.0
2024-06-15,2024-06-15 21:00:00,22,39.66,-1.98,-438.1
2024-06-15,2024-06-15 22:00:00,23,45.6,-2.1,-437.3
2024-06-15,2024-06-15 23:00:00,24,39.74,-2.02,-430.4
2024-06-16,2024-06-16 00:00:00,1,28.02,-6.99,-2557.8
2024-06-16,2024-06-16 01:00:00,2,21.81,-13.19,-2803.9
2024-06-16,2024-06-16 02:00:00,3,20.53,-14.47,-2806.8
2024-06-16,2024-06-16 03:00:00,4,24.49,-10.51,-2574.9
2024-06-16,2024-06-16 04:00:00,5,24.34,-10.66,-2565.2
2024-06-16,2024-06-16 05:00:00,6,24.72,-10.28,-2601.9
2024-06-16,2024-06-16 06:00:00,7,26.23,-8.78,-2620.6
2024-06-16,2024-06-16 07:00:00,8,9.36,-9.14,-2895.2
2024-06-16,2024-06-16 08:00:00,9,-2.06,-2.06,-2294.3
2024-06-16,2024-06-16 09:00:00,10,-2.37,-1.75,-1672.9
2024-06-16,2024-06-16 10:00:00,11,-3.96,-2.95,-1028.2
2024-06-16,2024-06-16 11:00:00,12,-4.97,-2.97,-916.4
2024-06-16,2024-06-16 12:00:00,13,-4.88,-2.88,-897.1
2024-06-16,2024-06-16 13:00:00,14,-4.9,-2.9,-887.9
2024-06-16,2024-06-16 14:00:00,15,-5.11,-3.11,-883.9
2024-06-16,2024-06-16 15:00:00,16,-5.23,-3.23,-889.6
2024-06-16,2024-06-16 16:00:00,17,-5.35,-3.35,-904.8
2024-06-16,2024-06-16 17:00:00,18,-1.98,-1.13,-1528.5
2024-06-16,2024-06-16 18:00:00,19,-1.68,-1.67,-1932.3
2024-06-16,2024-06-16 19:00:00,20,0.13,-3.12,-2464.0
2024-06-16,2024-06-16 20:00:00,21,8.14,-8.66,-2407.9
2024-06-16,2024-06-16 21:00:00,22,32.28,-2.74,-868.2
2024-06-16,2024-06-16 22:00:00,23,39.54,-1.72,-368.6
2024-06-16,2024-06-16 23:00:00,24,39.9,-1.72,-371.2
2024-06-17,2024-06-17 00:00:00,1,36.32,-5.17,-1451.6
2024-06-17,2024-06-17 01:00:00,2,24.38,-10.63,-2174.4
2024-06-17,2024-06-17 02:00:00,3,24.39,-10.61,-2107.9
2024-06-17,2024-06-17 03:00:00,4,24.75,-10.25,-2134.2
2024-06-17,2024-06-17 04:00:00,5,25.65,-6.35,-1618.9
2024-06-17,2024-06-17 05:00:00,6,27.68,-7.32,-1755.6
2024-06-17,2024-06-17 06:00:00,7,31.71,-3.3,-970.4
2024-06-17,2024-06-17 07:00:00,8,42.82,-3.68,-1213.4
2024-06-17,2024-06-17 08:00:00,9,44.45,-2.05,-572.7
2024-06-17,2024-06-17 09:00:00,10,31.14,-3.87,-1330.7
2024-06-17,2024-06-17 10:00:00,11,16.94,-5.34,-1702.6
2024-06-17,2024-06-17 11:00:00,12,0.85,-2.4,-1762.9
2024-06-17,2024-06-17 12:00:00,13,0.16,-1.34,-1624.6
2024-06-17,2024-06-17 13:00:00,14,0.05,-0.39,-1551.8
2024-06-17,2024-06-17 14:00:00,15,0.01,0.01,-1194.5
2024-06-17,2024-06-17 15:00:00,16,0.01,0.01,-1142.6
2024-06-17,2024-06-17 16:00:00,17,0.01,0.01,-1076.0
2024-06-17,2024-06-17 17:00:00,18,0.04,-0.4,-1502.5
2024-06-17,2024-06-17 18:00:00,19,0.62,-2.63,-1674.4
2024-06-17,2024-06-17 19:00:00,20,13.09,-8.63,-2725.7
2024-06-17,2024-06-17 20:00:00,21,44.34,-2.04,-541.6
2024-06-17,2024-06-17 21:00:00,22,70.28,-2.47,-585.0
2024-06-17,2024-06-17 22:00:00,23,90.19,-1.08,-393.4
2024-06-17,2024-06-17 23:00:00,24,60.93,-1.85,-444.4
2024-06-18,2024-06-18 00:00:00,1,48.72,-3.04,-1131.6
2024-06-18,2024-06-18 01:00:00,2,34.17,-2.83,-1141.8
2024-06-18,2024-06-18 02:00:00,3,47.92,-3.09,-1142.6
2024-06-18,2024-06-18 03:00:00,4,49.5,-3.09,-1137.0
2024-06-18,2024-06-18 04:00:00,5,50.91,-3.08,-1126.8
2024-06-18,2024-06-18 05:00:00,6,63.63,-3.12,-1128.7
2024-06-18,2024-06-18 06:00:00,7,92.89,-3.24,-1387.1
2024-06-18,2024-06-18 07:00:00,8,99.93,-1.07,-895.4
2024-06-18,2024-06-18 08:00:00,9,95.82,-0.31,-582.5
2024-06-18,2024-06-18 09:00:00,10,52.34,-1.05,-520.2
2024-06-18,2024-06-18 10:00:00,11,38.27,-0.73,-366.7
2024-06-18,2024-06-18 11:00:00,12,31.48,-3.52,-1308.2
2024-06-18,2024-06-18 12:00:00,13,24.14,-4.23,-1582.1
2024-06-18,2024-06-18 13:00:00,14,17.24,-3.73,-1385.6
2024-06-18,2024-06-18 14:00:00,15,7.59,-3.62,-1428.8
2024-06-18,2024-06-18 15:00:00,16,7.28,-3.32,-1341.3
2024-06-18,2024-06-18 16:00:00,17,6.6,-3.39,-1415.3
2024-06-18,2024-06-18 17:00:00,18,16.67,-3.6,-1433.6
2024-06-18,2024-06-18 18:00:00,19,30.93,-4.07,-1545.8
2024-06-18,2024-06-18 19:00:00,20,43.28,-2.0,-450.2
2024-06-18,2024-06-18 20:00:00,21,78.51,-1.72,-523.6
2024-06-18,2024-06-18 21:00:00,22,122.34,-1.78,-500.7
2024-06-18,2024-06-18 22:00:00,23,129.79,-1.11,-276.7
2024-06-18,2024-06-18 23:00:00,24,109.06,-1.35,-288.6
2024-06-19,2024-06-19 00:00:00,1,103.81,-1.35,-1232.3
2024-06-19,2024-06-19 01:00:00,2,98.61,-1.35,-1233.1
2024-06-19,2024-06-19 02:00:00,3,93.43,-1.33,-1223.5
2024-06-19,2024-06-19 03:00:00,4,89.21,-1.35,-1209.8
2024-06-19,2024-06-19 04:00:00,5,89.21,-1.35,-1208.6
2024-06-19,2024-06-19 05:00:00,6,93.4,-1.36,-1212.4
2024-06-19,2024-06-19 06:00:00,7,98.42,-1.58,-1441.8
2024-06-19,2024-06-19 07:00:00,8,113.47,-0.85,-742.5
2024-06-19,2024-06-19 08:00:00,9,99.21,-0.79,-626.7
2024-06-19,2024-06-19 09:00:00,10,83.75,-0.94,-611.1
2024-06-19,2024-06-19 10:00:00,11,74.72,0.01,-237.8
2024-06-19,2024-06-19 11:00:00,12,46.57,0.16,-317.2
2024-06-19,2024-06-19 12:00:00,13,43.74,0.2,-185.4
2024-06-19,2024-06-19 13:00:00,14,37.2,0.2,-183.1
2024-06-19,2024-06-19 14:00:00,15,36.6,0.2,-180.2
2024-06-19,2024-06-19 15:00:00,16,35.14,0.12,-125.4
2024-06-19,2024-06-19 16:00:00,17,35.13,0.12,-124.5
2024-06-19,2024-06-19 17:00:00,18,35.22,0.2,-129.3
2024-06-19,2024-06-19 18:00:00,19,38.65,0.18,-336.7
2024-06-19,2024-06-19 19:00:00,20,79.53,-0.3,-347.7
2024-06-19,2024-06-19 20:00:00,21,86.09,-1.32,-600.4
2024-06-19,2024-06-19 21:00:00,22,108.62,-1.19,-468.5
2024-06-19,2024-06-19 22:00:00,23,108.32,-0.68,-230.1
2024-06-19,2024-06-19 23:00:00,24,88.62,-0.97,-385.3
2024-06-20,2024-06-20 00:00:00,1,106.68,-2.58,-1255.0
2024-06-20,2024-06-20 01:00:00,2,102.28,-2.72,-1275.6
2024-06-20,2024-06-20 02:00:00,3,99.75,-3.25,-1339.0
2024-06-20,2024-06-20 03:00:00,4,98.75,-3.35,-1340.5
2024-06-20,2024-06-20 04:00:00,5,93.49,-3.41,-1343.3
2024-06-20,2024-06-20 05:00:00,6,90.87,-3.43,-1347.3
2024-06-20,2024-06-20 06:00:00,7,94.56,-4.44,-1456.3
2024-06-20,2024-06-20 07:00:00,8,109.57,-2.15,-660.1
2024-06-20,2024-06-20 08:00:00,9,101.39,-1.61,-552.1
2024-06-20,2024-06-20 09:00:00,10,92.88,-2.12,-612.5
2024-06-20,2024-06-20 10:00:00,11,69.76,-2.11,-483.3
2024-06-20,2024-06-20 11:00:00,12,64.04,1.0,-645.0
2024-06-20,2024-06-20 12:00:00,13,65.03,5.09,-510.8
2024-06-20,2024-06-20 13:00:00,14,65.31,6.96,-467.3
2024-06-20,2024-06-20 14:00:00,15,65.11,3.69,-508.1
2024-06-20,2024-06-20 15:00:00,16,64.91,2.98,-764.4
2024-06-20,2024-06-20 16:00:00,17,64.34,2.92,-749.1
2024-06-20,2024-06-20 17:00:00,18,64.92,2.77,-756.4
2024-06-20,2024-06-20 18:00:00,19,74.35,-3.11,-760.3
2024-06-20,2024-06-20 19:00:00,20,103.03,-3.97,-693.8
2024-06-20,2024-06-20 20:00:00,21,114.41,-0.87,-365.8
2024-06-20,2024-06-20 21:00:00,22,122.03,-0.75,-280.0
2024-06-20,2024-06-20 22:00:00,23,119.65,-0.35,-47.4
2024-06-20,2024-06-20 23:00:00,24,112.1,-0.38,-88.3
2024-06-21,2024-06-21 00:00:00,1,99.89,-2.83,-1431.6
2024-06-21,2024-06-21 01:00:00,2,97.65,-2.69,-1403.2
2024-06-21,2024-06-21 02:00:00,3,99.52,-2.78,-1417.6
2024-06-21,2024-06-21 03:00:00,4,99.5,-2.8,-1426.6
2024-06-21,2024-06-21 04:00:00,5,99.49,-2.81,-1432.1
2024-06-21,2024-06-21 05:00:00,6,100.18,-2.54,-1433.2
2024-06-21,2024-06-21 06:00:00,7,97.29,-2.71,-1431.6
2024-06-21,2024-06-21 07:00:00,8,111.46,-2.01,-903.9
2024-06-21,2024-06-21 08:00:00,9,111.95,-2.37,-880.6
2024-06-21,2024-06-21 09:00:00,10,99.28,-5.72,-1350.5
2024-06-21,2024-06-21 10:00:00,11,74.69,-5.31,-890.2
2024-06-21,2024-06-21 11:00:00,12,57.71,-2.29,-567.7
2024-06-21,2024-06-21 12:00:00,13,58.54,-2.8,-688.3
2024-06-21,2024-06-21 13:00:00,14,56.75,-0.65,-238.0
2024-06-21,2024-06-21 14:00:00,15,54.46,-0.64,-236.1
2024-06-21,2024-06-21 15:00:00,16,41.61,-1.56,-454.0
2024-06-21,2024-06-21 16:00:00,17,38.43,-1.57,-468.9
2024-06-21,2024-06-21 17:00:00,18,49.53,-0.27,-140.9
2024-06-21,2024-06-21 18:00:00,19,55.73,-1.02,-214.0
2024-06-21,2024-06-21 19:00:00,20,75.72,-1.74,-581.6
2024-06-21,2024-06-21 20:00:00,21,98.84,-1.17,-570.7
2024-06-21,2024-06-21 21:00:00,22,114.47,-0.39,-435.7
2024-06-21,2024-06-21 22:00:00,23,115.0,0.0,-208.5
2024-06-21,2024-06-21 23:00:00,24,105.47,-0.27,-368.0
2024-06-22,2024-06-22 00:00:00,1,81.19,-2.81,-1022.9
2024-06-22,2024-06-22 01:00:00,2,74.08,-2.5,-1039.8
2024-06-22,2024-06-22 02:00:00,3,73.2,-2.44,-1059.9
2024-06-22,2024-06-22 03:00:00,4,72.84,-3.26,-1296.2
2024-06-22,2024-06-22 04:00:00,5,72.05,-3.69,-1287.0
2024-06-22,2024-06-22 05:00:00,6,71.98,-3.64,-1284.9
2024-06-22,2024-06-22 06:00:00,7,70.61,-5.03,-1275.6
2024-06-22,2024-06-22 07:00:00,8,60.95,-2.5,-1202.2
2024-06-22,2024-06-22 08:00:00,9,34.97,-1.98,-947.0
2024-06-22,2024-06-22 09:00:00,10,17.97,-16.68,-2654.1
2024-06-22,2024-06-22 10:00:00,11,3.16,-9.38,-2297.5
2024-06-22,2024-06-22 11:00:00,12,0.23,-3.36,-1841.4
2024-06-22,2024-06-22 12:00:00,13,0.04,-0.4,-1870.2
2024-06-22,2024-06-22 13:00:00,14,0.01,-0.02,-1885.9
2024-06-22,2024-06-22 14:00:00,15,0.01,0.01,-1929.1
2024-06-22,2024-06-22 15:00:00,16,0.01,0.01,-1938.0
2024-06-22,2024-06-22 16:00:00,17,0.01,0.01,-1936.0
2024-06-22,2024-06-22 17:00:00,18,0.01,0.01,-1915.0
2024-06-22,2024-06-22 18:00:00,19,0.05,-0.39,-1967.9
2024-06-22,2024-06-22 19:00:00,20,25.87,-9.13,-2427.3
2024-06-22,2024-06-22 20:00:00,21,48.6,-1.4,-519.9
2024-06-22,2024-06-22 21:00:00,22,74.53,-2.26,-510.7
2024-06-22,2024-06-22 22:00:00,23,96.71,-2.39,-526.1
2024-06-22,2024-06-22 23:00:00,24,75.09,-2.37,-534.4
2024-06-23,2024-06-23 00:00:00,1,71.95,-5.05,-1623.6
2024-06-23,2024-06-23 01:00:00,2,51.87,-5.12,-1725.1
2024-06-23,2024-06-23 02:00:00,3,40.98,-5.21,-1737.8
2024-06-23,2024-06-23 03:00:00,4,23.84,-11.17,-2595.7
2024-06-23,2024-06-23 04:00:00,5,14.34,-20.66,-3512.6
2024-06-23,2024-06-23 05:00:00,6,18.13,-16.87,-3086.6
2024-06-23,2024-06-23 06:00:00,7,23.09,-11.91,-2580.8
2024-06-23,2024-06-23 07:00:00,8,17.71,-12.94,-3293.2
2024-06-23,2024-06-23 08:00:00,9,2.48,-7.28,-2935.4
2024-06-23,2024-06-23 09:00:00,10,-8.5,-8.5,-3103.0
2024-06-23,2024-06-23 10:00:00,11,-8.36,-8.35,-2662.5
2024-06-23,2024-06-23 11:00:00,12,-7.82,-7.71,-2519.9
2024-06-23,2024-06-23 12:00:00,13,-8.62,-8.12,-2646.3
2024-06-23,2024-06-23 13:00:00,14,-7.72,-6.72,-2269.1
2024-06-23,2024-06-23 14:00:00,15,-8.66,-6.67,-2089.3
2024-06-23,2024-06-23 15:00:00,16,-8.89,-6.89,-2134.2
2024-06-23,2024-06-23 16:00:00,17,-9.28,-8.43,-2895.5
2024-06-23,2024-06-23 17:00:00,18,-8.11,-7.45,-2523.2
2024-06-23,2024-06-23 18:00:00,19,-7.81,-7.8,-2640.9
2024-06-23,2024-06-23 19:00:00,20,-5.95,-6.95,-2395.5
2024-06-23,2024-06-23 20:00:00,21,32.52,-2.49,-835.2
2024-06-23,2024-06-23 21:00:00,22,75.81,-1.19,-164.2
2024-06-23,2024-06-23 22:00:00,23,94.31,-1.31,-182.0
2024-06-23,2024-06-23 23:00:00,24,78.8,-1.35,-192.7
2024-06-24,2024-06-24 00:00:00,1,50.01,-1.79,-276.0
2024-06-24,2024-06-24 01:00:00,2,41.92,-1.68,-280.4
2024-06-24,2024-06-24 02:00:00,3,38.21,-1.79,-317.1
2024-06-24,2024-06-24 03:00:00,4,32.57,-2.83,-604.7
2024-06-24,2024-06-24 04:00:00,5,31.4,-3.62,-878.5
2024-06-24,2024-06-24 05:00:00,6,45.84,-3.23,-1132.9
2024-06-24,2024-06-24 06:00:00,7,49.67,-5.36,-1211.4
2024-06-24,2024-06-24 07:00:00,8,68.3,-1.7,-438.9
2024-06-24,2024-06-24 08:00:00,9,37.79,-2.21,-379.2
2024-06-24,2024-06-24 09:00:00,10,32.16,-2.86,-525.1
2024-06-24,2024-06-24 10:00:00,11,24.34,-10.66,-2034.5
2024-06-24,2024-06-24 11:00:00,12,0.78,-4.22,-1517.3
2024-06-24,2024-06-24 12:00:00,13,0.52,-3.08,-1491.2
2024-06-24,2024-06-24 13:00:00,14,0.87,-4.23,-1425.4
2024-06-24,2024-06-24 14:00:00,15,0.41,-2.49,-1484.1
2024-06-24,2024-06-24 15:00:00,16,0.0,0.0,-1302.6
2024-06-24,2024-06-24 16:00:00,17,0.0,0.0,-1323.8
2024-06-24,2024-06-24 17:00:00,18,0.79,-4.21,-1471.3
2024-06-24,2024-06-24 18:00:00,19,23.15,-11.65,-2777.4
2024-06-24,2024-06-24 19:00:00,20,34.12,-1.33,-555.4
2024-06-24,2024-06-24 20:00:00,21,81.19,-2.08,-460.2
2024-06-24,2024-06-24 21:00:00,22,116.04,-1.29,-297.0
2024-06-24,2024-06-24 22:00:00,23,112.41,-1.29,-296.2
2024-06-24,2024-06-24 23:00:00,24,90.24,-1.3,-295.1
2024-06-25,2024-06-25 00:00:00,1,74.37,-5.14,-1313.5
2024-06-25,2024-06-25 01:00:00,2,90.59,-4.26,-1312.5
2024-06-25,2024-06-25 02:00:00,3,86.9,-4.25,-1312.0
2024-06-25,2024-06-25 03:00:00,4,77.87,-4.13,-1310.5
2024-06-25,2024-06-25 04:00:00,5,85.65,-4.2,-1311.4
2024-06-25,2024-06-25 05:00:00,6,68.49,-4.51,-1314.7
2024-06-25,2024-06-25 06:00:00,7,77.3,-4.7,-1317.7
2024-06-25,2024-06-25 07:00:00,8,96.84,-1.36,-438.2
2024-06-25,2024-06-25 08:00:00,9,73.39,-1.38,-417.8
2024-06-25,2024-06-25 09:00:00,10,62.14,-2.76,-626.8
2024-06-25,2024-06-25 10:00:00,11,36.62,0.93,-255.4
2024-06-25,2024-06-25 11:00:00,12,36.06,1.04,-114.8
2024-06-25,2024-06-25 12:00:00,13,36.05,1.04,-123.2
2024-06-25,2024-06-25 13:00:00,14,35.92,0.91,-343.8
2024-06-25,2024-06-25 14:00:00,15,35.69,0.69,-661.1
2024-06-25,2024-06-25 15:00:00,16,33.72,-1.28,-294.7
2024-06-25,2024-06-25 16:00:00,17,33.83,-1.17,-262.3
2024-06-25,2024-06-25 17:00:00,18,35.42,0.4,-404.4
2024-06-25,2024-06-25 18:00:00,19,47.15,-1.84,-645.7
2024-06-25,2024-06-25 19:00:00,20,74.87,-2.13,-643.5
2024-06-25,2024-06-25 20:00:00,21,103.7,-1.3,-289.2
2024-06-25,2024-06-25 21:00:00,22,126.006,8.596,-264.4
2024-06-25,2024-06-25 22:00:00,23,125.644,8.834,-263.6
2024-06-25,2024-06-25 23:00:00,24,113.672,8.222,-262.0
2024-06-27,2024-06-27 00:00:00,1,100.43,-1.64,-698.8
2024-06-27,2024-06-27 01:00:00,2,96.86,-2.14,-931.6
2024-06-27,2024-06-27 02:00:00,3,99.64,-2.13,-931.3
2024-06-27,2024-06-27 03:00:00,4,100.99,-3.38,-1327.4
2024-06-27,2024-06-27 04:00:00,5,98.15,-3.62,-1407.8
2024-06-27,2024-06-27 05:00:00,6,95.75,-3.42,-1267.1
2024-06-27,2024-06-27 06:00:00,7,109.37,-3.35,-1264.4
2024-06-27,2024-06-27 07:00:00,8,119.72,-1.02,-501.7
2024-06-27,2024-06-27 08:00:00,9,114.56,-0.88,-485.1
2024-06-27,2024-06-27 09:00:00,10,100.72,-1.35,-725.6
2024-06-27,2024-06-27 10:00:00,11,97.14,-3.33,-774.8
2024-06-27,2024-06-27 11:00:00,12,73.03,-3.97,-773.5
2024-06-27,2024-06-27 12:00:00,13,64.98,-0.03,-0.6
2024-06-27,2024-06-27 13:00:00,14,65.37,0.62,-781.4
2024-06-27,2024-06-27 14:00:00,15,49.53,-1.57,-327.2
2024-06-27,2024-06-27 15:00:00,16,44.37,-1.29,-266.8
2024-06-27,2024-06-27 16:00:00,17,40.22,-2.23,-455.8
2024-06-27,2024-06-27 17:00:00,18,43.02,-2.04,-415.4
2024-06-27,2024-06-27 18:00:00,19,60.75,-2.68,-609.1
2024-06-27,2024-06-27 19:00:00,20,72.38,-3.01,-723.5
2024-06-27,2024-06-27 20:00:00,21,97.23,-2.52,-910.3
2024-06-27,2024-06-27 21:00:00,22,112.33,-3.72,-1203.9
2024-06-27,2024-06-27 22:00:00,23,114.45,-3.9,-1201.6
2024-06-27,2024-06-27 23:00:00,24,110.14,-4.58,-1258.8
2024-06-28,2024-06-28 00:00:00,1,96.01,-2.99,-1281.0
2024-06-28,2024-06-28 01:00:00,2,96.99,-3.01,-1281.1
2024-06-28,2024-06-28 02:00:00,3,95.41,-3.19,-1282.7
2024-06-28,2024-06-28 03:00:00,4,90.87,-3.17,-1283.3
2024-06-28,2024-06-28 04:00:00,5,90.32,-3.08,-1283.5
2024-06-28,2024-06-28 05:00:00,6,92.99,-2.82,-1114.1
2024-06-28,2024-06-28 06:00:00,7,96.89,-3.01,-1114.4
2024-06-28,2024-06-28 07:00:00,8,98.4,-1.76,-411.1
2024-06-28,2024-06-28 08:00:00,9,101.64,-1.86,-393.5
2024-06-28,2024-06-28 09:00:00,10,95.88,-2.72,-622.9
2024-06-28,2024-06-28 10:00:00,11,88.11,-3.89,-678.7
2024-06-28,2024-06-28 11:00:00,12,72.29,-3.81,-681.6
2024-06-28,2024-06-28 12:00:00,13,57.39,-2.6,-406.1
2024-06-28,2024-06-28 13:00:00,14,47.98,0.97,-5.1
2024-06-28,2024-06-28 14:00:00,15,44.16,-1.61,-237.5
2024-06-28,2024-06-28 15:00:00,16,36.76,-3.24,-626.4
2024-06-28,2024-06-28 16:00:00,17,31.77,-3.25,-590.3
2024-06-28,2024-06-28 17:00:00,18,31.81,-3.21,-630.3
2024-06-28,2024-06-28 18:00:00,19,47.34,-1.3,-194.0
2024-06-28,2024-06-28 19:00:00,20,85.03,-3.47,-986.3
2024-06-28,2024-06-28 20:00:00,21,91.12,-2.92,-903.6
2024-06-28,2024-06-28 21:00:00,22,103.09,-2.33,-593.2
2024-06-28,2024-06-28 22:00:00,23,110.96,-2.34,-592.4
2024-06-28,2024-06-28 23:00:00,24,103.14,-2.04,-439.8
2024-06-29,2024-06-29 00:00:00,1,87.0,-3.0,-1523.7
2024-06-29,2024-06-29 01:00:00,2,68.37,-3.23,-1524.6
2024-06-29,2024-06-29 02:00:00,3,44.46,-3.04,-1295.8
2024-06-29,2024-06-29 03:00:00,4,44.49,-3.01,-1295.8
2024-06-29,2024-06-29 04:00:00,5,44.28,-3.01,-1295.8
2024-06-29,2024-06-29 05:00:00,6,44.0,-3.01,-1295.8
2024-06-29,2024-06-29 06:00:00,7,44.33,-2.96,-1295.8
2024-06-29,2024-06-29 07:00:00,8,46.6,-3.6,-1472.7
2024-06-29,2024-06-29 08:00:00,9,44.38,-2.91,-1170.1
2024-06-29,2024-06-29 09:00:00,10,44.42,-2.2,-828.5
2024-06-29,2024-06-29 10:00:00,11,43.29,-1.77,-605.3
2024-06-29,2024-06-29 11:00:00,12,33.45,-1.57,-668.3
2024-06-29,2024-06-29 12:00:00,13,32.65,-2.36,-669.6
2024-06-29,2024-06-29 13:00:00,14,29.79,-5.21,-1356.2
2024-06-29,2024-06-29 14:00:00,15,3.08,-6.92,-1857.3
2024-06-29,2024-06-29 15:00:00,16,0.05,-1.45,-1431.8
2024-06-29,2024-06-29 16:00:00,17,4.32,-8.44,-1857.0
2024-06-29,2024-06-29 17:00:00,18,24.04,-7.82,-1974.3
2024-06-29,2024-06-29 18:00:00,19,32.58,-2.44,-628.5
2024-06-29,2024-06-29 19:00:00,20,44.24,-2.36,-611.2
2024-06-29,2024-06-29 20:00:00,21,71.5,-1.87,-420.0
2024-06-29,2024-06-29 21:00:00,22,100.44,-1.92,-439.3
2024-06-29,2024-06-29 22:00:00,23,104.15,-1.93,-439.3
2024-06-29,2024-06-29 23:00:00,24,98.99,-1.95,-439.2
2024-06-30,2024-06-30 00:00:00,1,98.64,-4.26,-1629.8
2024-06-30,2024-06-30 01:00:00,2,97.34,-4.36,-1696.5
2024-06-30,2024-06-30 02:00:00,3,96.91,-4.79,-1838.4
2024-06-30,2024-06-30 03:00:00,4,95.7,-6.0,-1848.1
2024-06-30,2024-06-30 04:00:00,5,94.9,-6.02,-1848.6
2024-06-30,2024-06-30 05:00:00,6,94.88,-6.04,-1849.1
2024-06-30,2024-06-30 06:00:00,7,93.69,-6.06,-1848.2
2024-06-30,2024-06-30 07:00:00,8,68.78,-4.59,-1844.8
2024-06-30,2024-06-30 08:00:00,9,43.64,-3.86,-1603.4
2024-06-30,2024-06-30 09:00:00,10,40.88,-3.13,-1281.7
2024-06-30,2024-06-30 10:00:00,11,31.77,-3.24,-1079.1
2024-06-30,2024-06-30 11:00:00,12,13.97,-9.02,-1940.3
2024-06-30,2024-06-30 12:00:00,13,3.84,-6.16,-1276.6
2024-06-30,2024-06-30 13:00:00,14,1.05,-3.44,-1204.3
2024-06-30,2024-06-30 14:00:00,15,0.0,-0.02,-967.8
2024-06-30,2024-06-30 15:00:00,16,0.0,0.0,-938.1
2024-06-30,2024-06-30 16:00:00,17,0.12,-0.82,-1008.9
2024-06-30,2024-06-30 17:00:00,18,0.83,-2.77,-1184.8
2024-06-30,2024-06-30 18:00:00,19,17.98,-9.45,-2087.5
2024-06-30,2024-06-30 19:00:00,20,44.75,-1.87,-394.1
2024-06-30,2024-06-30 20:00:00,21,57.37,-1.73,-456.3
2024-06-30,2024-06-30 21:00:00,22,99.65,-1.99,-478.8
2024-06-30,2024-06-30 22:00:00,23,101.31,-1.91,-478.6
2024-06-30,2024-06-30 23:00:00,24,98.98,-1.94,-478.5
